-- =============================================================================
-- [META] Generated by: sybase-to-snowflake skill v0.3.0
-- [META] Purpose:       Synthetic seed data for converted SQL validation
-- [META] Converted at:  2026-04-02
-- [META] Coverage:      Edge cases per complexity-scoring-rubric.md
-- =============================================================================
--
-- This seed data exercises:
--   1. Happy path: standard records for all 6 staging tables
--   2. SCD1 triggers: product attribute changes
--   3. SCD2 triggers: customer state/credit/segment changes; agent region change
--   4. NULL handling: NULL dates, NULL premiums, NULL credit scores
--   5. Edge cases: negative premium, future dates, zero-amount claims
--   6. Boundary: FICO bands (579, 580, 669, 670, 739, 740, 799, 800)
--   7. Referential integrity: orphan claim (policy_id not in stg_policies)
--   8. Date-key boundary: 2000-01-01 (start), 2030-12-31 (end), leap day
-- =============================================================================


-- ============================================================
-- STAGING: POLICIES (10 rows)
-- ============================================================
INSERT INTO stg_policies
    (policy_id, policy_number, customer_id, agent_id, product_code, effective_date, expiry_date, status_code, annual_premium, coverage_amount, territory_code, underwriter_id, created_date, last_updated, src_extract_ts)
VALUES
(1001, 'POL-2024-001', 5001, 101, 'AUTO-01', '2024-01-15', '2025-01-15', 'AC', 1250.00, 100000.00, 'NE-01', 201, '2024-01-10 08:30:00', '2024-06-15 14:00:00', CURRENT_TIMESTAMP()),
(1002, 'POL-2024-002', 5002, 102, 'HOME-01', '2024-03-01', '2025-03-01', 'AC', 2100.00, 350000.00, 'SE-02', 202, '2024-02-20 10:00:00', '2024-07-01 09:00:00', CURRENT_TIMESTAMP()),
(1003, 'POL-2024-003', 5003, 103, 'COMM-01', '2024-06-01', '2025-06-01', 'PD', 5500.00, 1000000.00, 'MW-01', 203, '2024-05-15 11:00:00', '2024-08-01 10:00:00', CURRENT_TIMESTAMP()),
(1004, 'POL-2024-004', 5001, 101, 'LIFE-01', '2024-02-01', '2044-02-01', 'AC', 800.00, 500000.00, 'NE-01', 201, '2024-01-25 09:00:00', '2024-01-25 09:00:00', CURRENT_TIMESTAMP()),
(1005, 'POL-2024-005', 5004, 104, 'AUTO-02', '2024-04-15', '2025-04-15', 'CN', 1800.00, 150000.00, 'WC-01', 204, '2024-04-10 08:00:00', '2024-09-01 16:00:00', CURRENT_TIMESTAMP()),
-- Edge: NULL premium
(1006, 'POL-2024-006', 5005, 105, 'HOME-02', '2024-07-01', '2025-07-01', 'AC', NULL, 200000.00, 'SW-01', NULL, '2024-06-25 10:00:00', '2024-06-25 10:00:00', CURRENT_TIMESTAMP()),
-- Edge: Negative premium (should trigger DQ check)
(1007, 'POL-2024-007', 5006, 101, 'AUTO-01', '2024-08-01', '2025-08-01', 'AC', -500.00, 75000.00, 'NE-01', 201, '2024-07-28 10:00:00', '2024-07-28 10:00:00', CURRENT_TIMESTAMP()),
-- Edge: Past expiry but status Active (business rule violation)
(1008, 'POL-2023-008', 5002, 102, 'HOME-01', '2023-01-01', '2024-01-01', 'AC', 1900.00, 300000.00, 'SE-02', 202, '2022-12-15 08:00:00', '2024-01-02 09:00:00', CURRENT_TIMESTAMP()),
-- Edge: Very short term (1 day)
(1009, 'POL-2024-009', 5007, 103, 'COMM-01', '2024-10-01', '2024-10-02', 'AC', 50.00, 10000.00, 'MW-01', 203, '2024-09-30 10:00:00', '2024-09-30 10:00:00', CURRENT_TIMESTAMP()),
-- Edge: Expiry before effective (DQ date_logic trigger)
(1010, 'POL-2024-010', 5003, 104, 'AUTO-01', '2025-01-01', '2024-12-31', 'PD', 1500.00, 100000.00, 'WC-01', 204, '2024-12-20 08:00:00', '2024-12-20 08:00:00', CURRENT_TIMESTAMP());


-- ============================================================
-- STAGING: CUSTOMERS (8 rows — FICO boundary tests)
-- ============================================================
INSERT INTO stg_customers
    (customer_id, first_name, last_name, date_of_birth, gender_code, marital_status, address_line1, address_line2, city, state_code, zip_code, email, phone_primary, credit_score, customer_segment, acquisition_source, created_date, last_updated, src_extract_ts)
VALUES
(5001, 'John',    'Smith',    '1985-03-15', 'M', 'M', '123 Main St',   NULL,        'Hartford',     'CT', '06101', 'jsmith@email.com',  '860-555-0101', 780, 'PREMIUM',  'REFERRAL',  '2020-01-01 08:00:00', '2024-06-15 14:00:00', CURRENT_TIMESTAMP()),
(5002, 'Jane',    'Doe',      '1970-11-20', 'F', 'S', '456 Oak Ave',   'Apt 2B',    'Miami',        'FL', '33101', 'jdoe@email.com',    '305-555-0202', 580, 'STANDARD', 'WEBSITE',   '2019-06-01 10:00:00', '2024-07-01 09:00:00', CURRENT_TIMESTAMP()),
(5003, 'Robert',  'Johnson',  '1955-07-04', 'M', 'D', '789 Pine Rd',   NULL,        'Chicago',      'IL', '60601', 'rjohnson@test.com', '312-555-0303', 670, 'STANDARD', 'AGENT',     '2018-03-15 11:00:00', '2024-08-01 10:00:00', CURRENT_TIMESTAMP()),
(5004, 'Maria',   'Garcia',   '1998-12-25', 'F', 'S', '321 Elm Blvd',  NULL,        'Los Angeles',  'CA', '90001', 'mgarcia@test.com',  '213-555-0404', 800, 'PREMIUM',  'DIRECT',    '2022-09-01 09:00:00', '2024-09-01 16:00:00', CURRENT_TIMESTAMP()),
-- Edge: NULL credit score → 'Unknown' band
(5005, 'David',   'Wilson',   '1990-01-01', 'M', 'M', '654 Birch Ln',  'Suite 100', 'Dallas',       'TX', '75201', 'dwilson@test.com',  '214-555-0505', NULL, 'STANDARD', 'REFERRAL', '2021-11-01 10:00:00', '2024-06-25 10:00:00', CURRENT_TIMESTAMP()),
-- Edge: NULL DOB → age_band calculation edge
(5006, 'Sarah',   'Brown',    NULL,          'F', 'W', '987 Cedar Dr',  NULL,        'Phoenix',      'TX', '85001', 'sbrown@test.com',   '602-555-0606', 579, 'BASIC',    'WEBSITE',   '2023-01-15 08:00:00', '2024-07-28 10:00:00', CURRENT_TIMESTAMP()),
-- Edge: Poor credit (below 580)
(5007, 'Michael', 'Lee',      '2000-02-29', 'M', 'S', '147 Maple Way', NULL,        'Columbus',     'OH', '43215', 'mlee@test.com',     '614-555-0707', 520, 'BASIC',    'AGENT',     '2024-01-01 10:00:00', '2024-09-30 10:00:00', CURRENT_TIMESTAMP()),
-- Edge: Boundary 740 (Very Good)
(5008, 'Lisa',    'Taylor',   '1965-06-15', 'F', 'M', '258 Walnut St', NULL,        'Philadelphia', 'PA', '19101', 'ltaylor@test.com',  '215-555-0808', 740, 'PREMIUM',  'REFERRAL',  '2017-05-01 09:00:00', '2024-10-01 10:00:00', CURRENT_TIMESTAMP());


-- ============================================================
-- STAGING: CLAIMS (6 rows)
-- ============================================================
INSERT INTO stg_claims
    (claim_id, claim_number, policy_id, customer_id, incident_date, reported_date, closed_date, claim_type_code, status_code, total_incurred, total_paid, total_reserved, adjuster_id, fault_indicator, litigation_flag, created_date, last_updated, src_extract_ts)
VALUES
-- Standard claim (settled)
(3001, 'CLM-2024-001', 1001, 5001, '2024-06-01', '2024-06-03', '2024-08-15', 'COLLISION', 'CL', 15000.00, 14500.00, 500.00, 301, 'Y', 'N', '2024-06-03 10:00:00', '2024-08-15 14:00:00', CURRENT_TIMESTAMP()),
-- Open claim (no closed_date)
(3002, 'CLM-2024-002', 1002, 5002, '2024-07-15', '2024-07-20', NULL, 'WATER_DMG', 'OP', 45000.00, 10000.00, 35000.00, 302, 'N', 'N', '2024-07-20 08:00:00', '2024-09-01 10:00:00', CURRENT_TIMESTAMP()),
-- Litigated claim
(3003, 'CLM-2024-003', 1003, 5003, '2024-05-10', '2024-05-25', NULL, 'LIABILITY', 'OP', 250000.00, 0.00, 250000.00, 303, 'Y', 'Y', '2024-05-25 11:00:00', '2024-10-01 10:00:00', CURRENT_TIMESTAMP()),
-- Edge: paid > incurred (DQ anomaly trigger)
(3004, 'CLM-2024-004', 1004, 5001, '2024-04-01', '2024-04-02', '2024-04-30', 'MEDICAL', 'CL', 5000.00, 5500.00, 0.00, 301, 'N', 'N', '2024-04-02 09:00:00', '2024-04-30 10:00:00', CURRENT_TIMESTAMP()),
-- Edge: zero-amount claim
(3005, 'CLM-2024-005', 1005, 5004, '2024-09-01', '2024-09-05', '2024-09-10', 'COLLISION', 'CL', 0.00, 0.00, 0.00, 304, 'N', 'N', '2024-09-05 10:00:00', '2024-09-10 10:00:00', CURRENT_TIMESTAMP()),
-- Edge: orphan claim (policy_id 9999 not in stg_policies → DQ referential integrity)
(3006, 'CLM-2024-006', 9999, 5006, '2024-08-15', '2024-08-20', NULL, 'THEFT', 'OP', 20000.00, 0.00, 20000.00, 305, 'N', 'N', '2024-08-20 10:00:00', '2024-10-01 10:00:00', CURRENT_TIMESTAMP());


-- ============================================================
-- STAGING: AGENTS (5 rows)
-- ============================================================
INSERT INTO stg_agents
    (agent_id, agent_number, agent_name, agency_id, agency_name, license_state, license_number, license_expiry, region_code, channel_code, active_flag, hire_date, termination_date, created_date, last_updated, src_extract_ts)
VALUES
(101, 'AGT-001', 'Alice Thompson',   501, 'Northeast Insurance Agency', 'CT', 'LIC-CT-001', '2026-12-31', 'NE', 'INDEP',   'Y', '2015-06-01', NULL, '2015-06-01 08:00:00', '2024-06-15 10:00:00', CURRENT_TIMESTAMP()),
(102, 'AGT-002', 'Bob Martinez',     502, 'Southeast Insurance Group',  'FL', 'LIC-FL-002', '2025-06-30', 'SE', 'CAPTIVE', 'Y', '2018-01-15', NULL, '2018-01-15 09:00:00', '2024-07-01 09:00:00', CURRENT_TIMESTAMP()),
(103, 'AGT-003', 'Carol Williams',   503, 'Midwest Brokers LLC',        'IL', 'LIC-IL-003', '2025-03-31', 'MW', 'BROKER',  'Y', '2020-03-01', NULL, '2020-03-01 10:00:00', '2024-08-01 10:00:00', CURRENT_TIMESTAMP()),
-- Edge: Inactive agent with termination date
(104, 'AGT-004', 'Dan Roberts',      504, 'West Coast Direct',          'CA', 'LIC-CA-004', '2024-01-01', 'WC', 'DIRECT',  'N', '2016-09-01', '2024-03-15', '2016-09-01 11:00:00', '2024-03-15 16:00:00', CURRENT_TIMESTAMP()),
-- Edge: Agent for SCD2 test — will change region
(105, 'AGT-005', 'Eva Chen',         501, 'Northeast Insurance Agency', 'CT', 'LIC-CT-005', '2027-12-31', 'SW', 'INDEP',   'Y', '2022-01-01', NULL, '2022-01-01 08:00:00', '2024-10-01 10:00:00', CURRENT_TIMESTAMP());


-- ============================================================
-- STAGING: PRODUCTS (6 rows)
-- ============================================================
INSERT INTO stg_products
    (product_code, product_name, product_line, lob_code, sub_lob_code, coverage_type, rating_plan, min_premium, max_coverage, active_flag, effective_date, discontinue_date, created_date, last_updated, src_extract_ts)
VALUES
('AUTO-01', 'Personal Auto Standard',   'AUTO',       'AUTO', 'PPA',  'Comprehensive', 'STANDARD', 500.00,  250000.00,  'Y', '2020-01-01', NULL,          '2020-01-01 08:00:00', '2024-06-15 10:00:00', CURRENT_TIMESTAMP()),
('AUTO-02', 'Personal Auto Premium',    'AUTO',       'AUTO', 'PPA',  'Full Coverage',  'PREMIUM',  800.00,  500000.00,  'Y', '2020-01-01', NULL,          '2020-01-01 08:00:00', '2024-04-10 08:00:00', CURRENT_TIMESTAMP()),
('HOME-01', 'Homeowners Standard',      'HOME',       'HOME', 'HO3',  'Dwelling',       'STANDARD', 1000.00, 750000.00,  'Y', '2019-06-01', NULL,          '2019-06-01 09:00:00', '2024-07-01 09:00:00', CURRENT_TIMESTAMP()),
('HOME-02', 'Homeowners Premium',       'HOME',       'HOME', 'HO5',  'Open Peril',     'PREMIUM',  1500.00, 1000000.00, 'Y', '2019-06-01', NULL,          '2019-06-01 09:00:00', '2024-06-25 10:00:00', CURRENT_TIMESTAMP()),
('COMM-01', 'Commercial Property',      'COMMERCIAL', 'COMM', 'CPP',  'Commercial',     'STANDARD', 3000.00, 5000000.00, 'Y', '2018-01-01', NULL,          '2018-01-01 10:00:00', '2024-08-01 10:00:00', CURRENT_TIMESTAMP()),
-- Edge: Discontinued product
('LIFE-01', 'Term Life 20-Year',        'LIFE',       'LIFE', 'TERM', 'Term Life',      'STANDARD', 200.00,  1000000.00, 'N', '2015-01-01', '2024-06-30', '2015-01-01 08:00:00', '2024-06-30 10:00:00', CURRENT_TIMESTAMP());


-- ============================================================
-- STAGING: PAYMENTS (6 rows)
-- ============================================================
INSERT INTO stg_payments
    (payment_id, policy_id, customer_id, payment_date, due_date, payment_amount, payment_method, payment_status, invoice_number, installment_number, late_flag, nsf_flag, created_date, last_updated)
VALUES
(4001, 1001, 5001, '2024-01-15', '2024-01-15', 1250.00, 'ACH',         'COMPLETED', 'INV-001', 1, 'N', 'N', '2024-01-15 10:00:00', '2024-01-15 10:00:00'),
(4002, 1002, 5002, '2024-03-05', '2024-03-01', 525.00,  'CREDIT_CARD', 'COMPLETED', 'INV-002', 1, 'Y', 'N', '2024-03-05 09:00:00', '2024-03-05 09:00:00'),
(4003, 1003, 5003, '2024-06-01', '2024-06-01', 1375.00, 'CHECK',       'COMPLETED', 'INV-003', 1, 'N', 'N', '2024-06-01 11:00:00', '2024-06-01 11:00:00'),
(4004, 1004, 5001, '2024-02-01', '2024-02-01', 800.00,  'ACH',         'COMPLETED', 'INV-004', 1, 'N', 'N', '2024-02-01 08:00:00', '2024-02-01 08:00:00'),
-- Edge: Late payment (10 days past due)
(4005, 1005, 5004, '2024-05-25', '2024-05-15', 900.00,  'ACH',         'COMPLETED', 'INV-005', 2, 'Y', 'N', '2024-05-25 10:00:00', '2024-05-25 10:00:00'),
-- Edge: NSF payment
(4006, 1002, 5002, '2024-06-01', '2024-06-01', 525.00,  'CHECK',       'RETURNED',  'INV-006', 2, 'N', 'Y', '2024-06-01 09:00:00', '2024-06-05 10:00:00');
